	Frag. Sampled	Frag. Len. Min.	Frag. Len. 1st. Qu.	Frag. Len. Mean	Frag. Len. Median	Frag. Len. 3rd Qu.	Frag. Len. Max	Frag. Len. Std.	Frag. Med. Abs. Dev.	Frag. Len. 10%	Frag. Len. 20%	Frag. Len. 30%	Frag. Len. 40%	Frag. Len. 60%	Frag. Len. 70%	Frag. Len. 80%	Frag. Len. 90%	Frag. Len. 99%	Reads Sampled	Read Len. Min.	Read Len. 1st. Qu.	Read Len. Mean	Read Len. Median	Read Len. 3rd Qu.	Read Len. Max	Read Len. Std.	Read Med. Abs. Dev.	Read Len. 10%	Read Len. 20%	Read Len. 30%	Read Len. 40%	Read Len. 60%	Read Len. 70%	Read Len. 80%	Read Len. 90%	Read Len. 99%
Results/mapping/Liver_CP_Nuclei.markdup.sorted.bam	5408349	0.0	57.0	267.01577782794715	82.0	142.0	86561654.0	85766.03802447657	32.0	46.0	53.0	61.0	70.0	98.0	124.0	165.0	222.0	426.0	5408349	20.0	57.0	65.9823406366712	74.0	75.0	75.0	11.897084367241842	1.0	46.0	53.0	61.0	70.0	74.0	75.0	75.0	75.0	75.0
Results/mapping/Liver_GS_Nuclei.markdup.sorted.bam	3461203	0.0	61.0	194.88440001929965	88.0	144.0	72945294.0	53529.95381928717	34.0	48.0	56.0	66.0	76.0	105.0	129.0	163.0	229.0	459.0	3461203	20.0	62.0	67.42187297306745	74.0	75.0	75.0	11.106014017562899	1.0	48.0	57.0	66.0	73.0	75.0	75.0	75.0	75.0	75.0
