	Frag. Sampled	Frag. Len. Min.	Frag. Len. 1st. Qu.	Frag. Len. Mean	Frag. Len. Median	Frag. Len. 3rd Qu.	Frag. Len. Max	Frag. Len. Std.	Frag. Med. Abs. Dev.	Frag. Len. 10%	Frag. Len. 20%	Frag. Len. 30%	Frag. Len. 40%	Frag. Len. 60%	Frag. Len. 70%	Frag. Len. 80%	Frag. Len. 90%	Frag. Len. 99%	Reads Sampled	Read Len. Min.	Read Len. 1st. Qu.	Read Len. Mean	Read Len. Median	Read Len. 3rd Qu.	Read Len. Max	Read Len. Std.	Read Med. Abs. Dev.	Read Len. 10%	Read Len. 20%	Read Len. 30%	Read Len. 40%	Read Len. 60%	Read Len. 70%	Read Len. 80%	Read Len. 90%	Read Len. 99%
Results/mapping/Liver_ChattyPatty_Nuclei.markdup.sorted.bam	1323902	0.0	55.0	292.2389081669187	80.0	144.0	86561654.0	112095.86866146041	32.0	44.0	51.0	59.0	68.0	96.0	123.0	168.0	227.0	438.0	1323902	20.0	55.0	65.13670347200926	73.0	75.0	75.0	12.501616559912161	2.0	44.0	51.0	59.0	68.0	74.0	75.0	75.0	75.0	75.0
Results/mapping/Liver_GunevaStar_Nuclei.markdup.sorted.bam	1287329	0.0	59.0	119.61820870966163	87.0	146.0	119023.0	176.67662559504666	35.0	46.0	54.0	63.0	74.0	104.0	129.0	166.0	237.0	478.0	1287329	20.0	59.0	66.65351903048871	74.0	75.0	75.0	11.755774363273135	1.0	46.0	54.0	63.0	73.0	74.0	75.0	75.0	75.0	75.0
