	Frag. Sampled	Frag. Len. Min.	Frag. Len. 1st. Qu.	Frag. Len. Mean	Frag. Len. Median	Frag. Len. 3rd Qu.	Frag. Len. Max	Frag. Len. Std.	Frag. Med. Abs. Dev.	Frag. Len. 10%	Frag. Len. 20%	Frag. Len. 30%	Frag. Len. 40%	Frag. Len. 60%	Frag. Len. 70%	Frag. Len. 80%	Frag. Len. 90%	Frag. Len. 99%	Reads Sampled	Read Len. Min.	Read Len. 1st. Qu.	Read Len. Mean	Read Len. Median	Read Len. 3rd Qu.	Read Len. Max	Read Len. Std.	Read Med. Abs. Dev.	Read Len. 10%	Read Len. 20%	Read Len. 30%	Read Len. 40%	Read Len. 60%	Read Len. 70%	Read Len. 80%	Read Len. 90%	Read Len. 99%
Results/mapping/Liver_ChattyPatty_Nuclei.markdup.sorted.bam	1323902	0.0	55.0	292.2389081669187	80.0	144.0	86561654.0	112095.86866146038	32.0	44.0	51.0	59.0	68.0	96.0	123.0	168.0	227.0	438.0	1323902	20.0	55.0	65.13670347200926	73.0	75.0	75.0	12.501616559912167	2.0	44.0	51.0	59.0	68.0	74.0	75.0	75.0	75.0	75.0
Results/mapping/Liver_ChattyPatty_Tissue.markdup.sorted.bam	1004471	0.0	51.0	288.17830579479147	83.0	179.0	62269439.0	82534.4104118546	41.0	41.0	47.0	54.0	65.0	115.0	161.0	200.0	278.0	511.0	1004471	20.0	51.0	63.717457248641324	73.0	75.0	75.0	13.87349595127774	2.0	41.0	47.0	55.0	66.0	74.0	75.0	75.0	75.0	75.0
Results/mapping/Liver_GunevaStar_Nuclei.markdup.sorted.bam	1287329	0.0	59.0	119.61820870966163	87.0	146.0	119023.0	176.67662559504674	35.0	46.0	54.0	63.0	74.0	104.0	129.0	166.0	237.0	478.0	1287329	20.0	59.0	66.65351903048871	74.0	75.0	75.0	11.755774363273142	1.0	46.0	54.0	63.0	73.0	74.0	75.0	75.0	75.0	75.0
Results/mapping/Liver_GunevaStar_Tissue.markdup.sorted.bam	880287	0.0	58.0	196.2935042775822	114.0	220.0	29920697.0	31909.960326426688	65.0	44.0	53.0	65.0	84.0	154.0	195.0	252.0	357.0	604.0	880287	20.0	59.0	66.58090259199557	74.0	75.0	75.0	12.582541752870693	1.0	44.0	53.0	66.0	73.0	75.0	75.0	75.0	75.0	75.0
